{
  "meta": {
    "as_of": "2025-09-25",
    "horizon_years": 10,
    "method_version": "v1.0-blend",
    "weights": {
      "macro": 0.5,
      "valuation": 0.3,
      "prior": 0.2
    },
    "se_exp_returns": [
      0.008471717653463199,
      0.008471717653463199,
      0.008471717653463199,
      0.008471717653463199,
      0.008471717653463199,
      0.008471717653463199,
      0.008471717653463199,
      0.008471717653463199
    ]
  },
  "notes": "Blended CMA",
  "tickers": [
    "VOO",
    "IJR",
    "NEAR",
    "BOND",
    "TLT",
    "QLEIX",
    "VEMBX",
    "PDBC"
  ],
  "exp_returns": [
    0.07135858549639586,
    0.08385858549639587,
    0.0316,
    0.0463,
    0.048,
    0.05695,
    0.0582,
    0.018000000000000002
  ],
  "cov": [
    [
      0.0256,
      0.02142,
      0.0,
      0.00072,
      -0.0033600000000000006,
      0.004800000000000001,
      0.0028799999999999997,
      0.00108
    ],
    [
      0.021419999999999998,
      0.04409999999999999,
      0.0,
      0.000945,
      -0.003307500000000001,
      0.005512499999999999,
      0.00315,
      0.0014175
    ],
    [
      0.0,
      0.0,
      0.0001,
      9e-05,
      0.00010500000000000002,
      0.0,
      6.000000000000001e-05,
      0.0
    ],
    [
      0.00072,
      0.0009450000000000001,
      9e-05,
      0.0036,
      0.0025200000000000005,
      0.0009000000000000002,
      0.0012599999999999998,
      0.00040500000000000003
    ],
    [
      -0.00336,
      -0.0033075,
      0.000105,
      0.0025200000000000005,
      0.019600000000000003,
      0.0,
      0.00084,
      -0.0009450000000000002
    ],
    [
      0.004800000000000001,
      0.005512499999999999,
      0.0,
      0.0009000000000000002,
      0.0,
      0.010000000000000002,
      0.0015000000000000002,
      0.0013500000000000005
    ],
    [
      0.0028799999999999997,
      0.0031499999999999996,
      6.000000000000001e-05,
      0.0012599999999999998,
      0.0008400000000000001,
      0.0015,
      0.0064,
      0.00054
    ],
    [
      0.00108,
      0.0014175,
      0.0,
      0.000405,
      -0.0009450000000000002,
      0.0013500000000000003,
      0.00054,
      0.0324
    ]
  ],
  "rf": 0.035
}